{
  "model_name": "modelo_rendimiento",
  "classes": [
    "Destacado",
    "Previsto",
    "En_Proceso",
    "Inicio"
  ],
  "accuracy": 0.5355,
  "balanced_accuracy": 0.4889989416713555,
  "metrics_by_class": {
    "Destacado": {
      "precision": 0.7033374536464772,
      "recall": 0.7958041958041958,
      "f1-score": 0.7467191601049868,
      "support": 715.0
    },
    "Previsto": {
      "precision": 0.4052863436123348,
      "recall": 0.23,
      "f1-score": 0.2934609250398724,
      "support": 400.0
    },
    "En_Proceso": {
      "precision": 0.323943661971831,
      "recall": 0.35777777777777775,
      "f1-score": 0.3400211193241816,
      "support": 450.0
    },
    "Inicio": {
      "precision": 0.5331905781584583,
      "recall": 0.5724137931034483,
      "f1-score": 0.5521064301552107,
      "support": 435.0
    },
    "accuracy": 0.5355,
    "macro avg": {
      "precision": 0.4914395093472753,
      "recall": 0.4889989416713555,
      "f1-score": 0.4830769086560629,
      "support": 2000.0
    },
    "weighted avg": {
      "precision": 0.5213566830942092,
      "recall": 0.5355,
      "f1-score": 0.5222321851522065,
      "support": 2000.0
    }
  },
  "confusion_matrix": [
    [
      569,
      62,
      74,
      10
    ],
    [
      119,
      92,
      119,
      70
    ],
    [
      94,
      57,
      161,
      138
    ],
    [
      27,
      16,
      143,
      249
    ]
  ]
}